{
    "type": "APL",
    "version": "1.0",
    "theme": "dark",
    "import": [],
    "resources": [],
    "styles": {},
    "layouts": {},
    "mainTemplate": {
        "items": [
            {
                "type": "Frame",
                "height": "100vh",
                "width": "100vw",
                "backgroundColor": "blue",
                "items": [
                    {
                        "type": "Container",
                        "height": "100vh",
                        "width": "100vw",
                        "direction": "column",
                        "alignItems": "center",
                        "justifyContent": "center",
                        "items": [
                            {
                                "type": "Text",
                                "text": "Escape de la oficina"
                            },
                            {
                                "type": "Text",
                                "text": "¡Bienvenidos!"
                            }
                        ]
                    }
                ]
            }
        ]
    }
}
